titre,url,date,categorie,chapeau
"« Vous oubliez les jeux au bout de 5 ans » : Shigeru Miyamoto, le papa de Mario s'explique cash sur l'avalanche de remakes chez Nintendo !",https://www.jeuxvideo.com/news/2095831/vous-oubliez-les-jeux-au-bout-de-5-ans-shigeru-miyamoto-le-papa-de-mario-s-explique-cash-sur-l-avalanche-de-remakes-chez-nintendo.htm,Il y a 1 heure,News jeu,
Ce développeur trahit Blizzard et World of Warcraft pour aider un ami…,https://www.jeuxvideo.com/news/2095839/ce-developpeur-trahit-blizzard-et-world-of-warcraft-pour-aider-un-ami.htm,Il y a 3 heures,News jeu,
Appuyer 50 fois sur le même bouton : l'énigme la plus vicieuse de l'histoire de Resident Evil,https://www.jeuxvideo.com/news/2095888/appuyer-50-fois-sur-le-meme-bouton-l-enigme-la-plus-vicieuse-de-l-histoire-de-resident-evil.htm,Il y a 5 heures,News jeu,
"Ubisoft réagit à la fin des jeux physiques sur PlayStation, mais ce n'est pas ce que souhaitent entendre les joueurs",https://www.jeuxvideo.com/news/2095857/ubisoft-reagit-a-la-fin-des-jeux-physiques-sur-playstation-mais-ce-n-est-pas-ce-que-souhaitent-entendre-les-joueurs.htm,Il y a 6 heures,News jeu,
"Vous ne le savez pas, mais il y a 14 ans, vous avez joué en multijoueur dans un jeu solo sur PS3",https://www.jeuxvideo.com/news/2095793/vous-ne-le-savez-pas-mais-il-y-a-14-ans-vous-avez-joue-en-multijoueur-dans-un-jeu-solo-sur-ps3.htm,Il y a 16 heures,News jeu,
Cette démo de 5h m'a retourné le cerveau : il en faudra 100 fois plus pour terminer le jeu complet,https://www.jeuxvideo.com/news/2095880/cette-demo-de-5h-m-a-retourne-le-cerveau-il-en-faudra-100-fois-plus-pour-terminer-le-jeu-complet.htm,Il y a 17 heures,News jeu,
"13 ans plus tard, ce YouTuber devient la pire hantise des avocats de Nintendo !",https://www.jeuxvideo.com/news/2095797/13-ans-plus-tard-ce-youtuber-devient-la-pire-hantise-des-avocats-de-nintendo.htm,Il y a 19 heures,News jeu,
Sony applique la tolérance zéro sur les réseaux sociaux : le fiasco des disques PS5 crée des problèmes en interne,https://www.jeuxvideo.com/news/2095821/sony-applique-la-tolerance-zero-sur-les-reseaux-sociaux-le-fiasco-des-disques-ps5-cree-des-problemes-en-interne.htm,Il y a 20 heures,News jeu,
"Le prix des jeux vidéo à 100 euros fait encore débat, mais les joueurs l’ont déjà complètement accepté : on en a la preuve !",https://www.jeuxvideo.com/news/2095650/le-prix-des-jeux-video-a-100-euros-fait-encore-debat-mais-les-joueurs-l-ont-deja-completement-accepte-on-en-a-la-preuve.htm,Il y a 23 heures,News jeu,
"Bellanoir Libero Palworld : Où trouver ce pal, comment le capturer ?",https://www.jeuxvideo.com/news/2095939/bellanoir-libero-palworld-ou-trouver-ce-pal-comment-le-capturer.htm,Il y a 36 minutes,News astuce,
"Paloxite Palworld 1.0 : Où trouver cette ressource, à quoi sert-elle ?",https://www.jeuxvideo.com/news/2095754/paloxite-palworld-1-0-ou-trouver-cette-ressource-a-quoi-sert-elle.htm,Il y a 15 heures,News astuce,
Ambergris Key Assassin's Creed Black Flag Resynced : Où trouver le coffre au trésor enfoui ?,https://www.jeuxvideo.com/news/2095745/ambergris-key-assassin-s-creed-black-flag-resynced-ou-trouver-le-coffre-au-tresor-enfoui.htm,Il y a 17 heures,News astuce,
"Soralite Palworld 1.0 : Où trouver cette ressource, à quoi sert-elle ?",https://www.jeuxvideo.com/news/2095702/soralite-palworld-1-0-ou-trouver-cette-ressource-a-quoi-sert-elle.htm,Il y a 22 heures,News astuce,
Flotte de Kenway Assassin's Creed Black Flag Resynced : Comment obtenir de meilleurs navires pour les missions ?,https://www.jeuxvideo.com/news/2095668/flotte-de-kenway-assassin-s-creed-black-flag-resynced-comment-obtenir-de-meilleurs-navires-pour-les-missions.htm,"Hier, 11:20",News astuce,
"Barbe à papa caramel Palworld 1.0 : Où trouver cette ressource, à quoi sert-elle ?",https://www.jeuxvideo.com/news/2095691/barbe-a-papa-caramel-palworld-1-0-ou-trouver-cette-ressource-a-quoi-sert-elle.htm,"25 juil., 21:05",News astuce,
Un développeur de Cyberpunk 2077 avoue qu'il a caché de nombreux secrets dans une villa du jeu vidéo,https://www.jeuxvideo.com/news/2095299/un-developpeur-de-cyberpunk-2077-avoue-qu-il-a-cache-de-nombreux-secrets-dans-une-villa-du-jeu-video.htm,"25 juil., 16:00",News jeu,
"Injustement boudé par les joueurs, ce jeu vidéo Marvel noté 17/20 est à 10€ sur PS5",https://www.jeuxvideo.com/news/2095293/injustement-boude-par-les-joueurs-ce-jeu-video-marvel-note-17-20-est-a-10-sur-ps5.htm,"25 juil., 08:40",News jeu,
"Même sur une ancienne exclusivité Xbox, les joueurs PS5 ont eu un avantage sur les joueurs Xbox",https://www.jeuxvideo.com/news/2095649/meme-sur-une-ancienne-exclusivite-xbox-les-joueurs-ps5-ont-eu-un-avantage-sur-les-joueurs-xbox.htm,"24 juil., 22:20",News jeu,
"Après Mbappé, un autre sportif français va faire la couverture d'un jeu vidéo",https://www.jeuxvideo.com/news/2095746/apres-mbappe-un-autre-sportif-francais-va-faire-la-couverture-d-un-jeu-video.htm,"24 juil., 19:15",News jeu,
"Hogwarts Legacy sur PS5, le meilleur jeu vidéo Harry Potter de tous les temps, est à 10€",https://www.jeuxvideo.com/news/2095297/hogwarts-legacy-sur-ps5-le-meilleur-jeu-video-harry-potter-de-tous-les-temps-est-a-10.htm,"Hier, 10:30",News jeu,
