titre,lien,publication
"""Votre clé prête en trois minutes"" : une machine de reproduction de clés installée dans ce Carrefour de Seine-et-Marne",https://actu.fr/ile-de-france/nangis_77327/votre-cle-prete-en-trois-minutes-une-machine-de-reproduction-de-cles-installee-dans-ce-carrefour-de-seine-et-marne_64595714.html,11:00
"Bagarre au couteau et au marteau à Poissy : la scène a été filmée, un homme blessé à la tête",https://actu.fr/ile-de-france/poissy_78498/bagarre-au-couteau-et-au-marteau-a-poissy-la-scene-a-ete-filmee-un-homme-blesse-a-la-tete_64599940.html,10:54
"Accident en Seine-et-Marne : sur la RN104, un camion percute une voiture et provoque d’importants bouchons",https://actu.fr/ile-de-france/evry-gregy-sur-yerre_77175/accident-en-seine-et-marne-sur-la-rn104-un-camion-percute-une-voiture-et-provoque-dimportants-bouchons_64599737.html,10:30
RATP : le trafic en partie interrompu sur la ligne 8 en raison d'un métro en panne à Paris,https://actu.fr/ile-de-france/paris_75056/ratp-le-trafic-en-partie-interrompu-sur-la-ligne-8-en-raison-d-un-metro-en-panne-a-paris_64599285.html,09:56
Obsèques de Marie-Paule Belle : voici où et quand un dernier hommage lui sera rendu,https://actu.fr/ile-de-france/paris_75056/obseques-de-marie-paule-belle-voici-ou-et-quand-un-dernier-hommage-lui-sera-rendu_64599024.html,08:38
Ça va durer toutes les vacances : ce qu’il est interdit de faire dans les Yvelines face au risque de feu en forêt,https://actu.fr/planete/ca-va-durer-toutes-les-vacances-ce-quil-est-interdit-de-faire-dans-les-yvelines-face-au-risque-de-feu-en-foret_64599032.html,08:10
"« On est ravis » : sacré meilleur pâtissier du monde 2026, Benoît Castel dévoile son nouveau concept à Paris",https://actu.fr/ile-de-france/paris_75056/on-est-ravis-sacre-meilleur-patissier-du-monde-2026-benoit-castel-devoile-son-nouveau-concept-a-paris_64595700.html,08:06
Ligne H Transilien : ce pont-rail centenaire du Val-d'Oise se refait une beauté,https://actu.fr/ile-de-france/enghien-les-bains_95210/ligne-h-transilien-ce-pont-rail-centenaire-du-val-doise-se-refait-une-beaute_64596739.html,07:46
Le Marché de Rungis mise sur le boom de la consommation crémière et ouvre une halle XXL dédiée au fromage,https://actu.fr/ile-de-france/rungis_94065/le-marche-de-rungis-mise-sur-le-boom-de-la-consommation-cremiere-et-ouvre-une-halle-xxl-dediee-au-fromage_64596722.html,07:46
"Prolongement du tram T10 : Île-de-France Mobilités valide le projet, voici les nouveaux arrêts",https://actu.fr/ile-de-france/clamart_92023/prolongement-du-tram-t10-ile-de-france-mobilites-valide-le-projet-voici-les-nouveaux-arrets_64590344.html,06:40
"Incendies en forêt de Fontainebleau: ""Réfléchir"", ""anticiper"", ""s’adapter""… les députés demandent au gouvernement d’agir",https://actu.fr/ile-de-france/fontainebleau_77186/incendies-en-foret-de-fontainebleau-reflechir-anticiper-sadapter-les-deputes-demandent-au-gouvernement-dagir_64592188.html,06:00
"À Meaux, ce théâtre recherche des fonds pour adapter ses salles aux spectateurs en situation de handicap",https://actu.fr/ile-de-france/meaux_77284/a-meaux-ce-theatre-recherche-des-fonds-pour-adapter-ses-salles-aux-spectateurs-en-situation-de-handicap_64598568.html,Hier
Notre sélection des meilleures glaces artisanales et créations glacées à savourer à Montpellier cet été,https://actu.fr/occitanie/montpellier_34172/notre-selection-des-meilleures-glaces-artisanales-et-creations-glacees-a-savourer-a-montpellier-cet-ete_64590522.html,06:12
Le plus grand rendez-vous des amateurs de bière revient à Montpellier pour ses 10 ans,https://actu.fr/occitanie/montpellier_34172/le-plus-grand-rendez-vous-des-amateurs-de-biere-revient-a-montpellier-pour-ses-10-ans_64539047.html,Hier
"Incendies : en Espagne, une femme décède de ses blessures, le bilan monte à 14 morts",https://actu.fr/monde/incendies-en-espagne-une-femme-decede-de-ses-blessures-le-bilan-monte-a-14-morts_64599067.html,09:16
"Séisme au Japon : 13 personnes sont mortes, les secours toujours à la recherche de rescapés dans un centre commercial",https://actu.fr/monde/seisme-au-japon-13-personnes-sont-mortes-les-secours-toujours-a-la-recherche-de-rescapes-dans-un-centre-commercial_64598984.html,08:03
"Un séisme de magnitude 7,1 frappe le Japon, plusieurs personnes ont été blessées",https://actu.fr/monde/un-seisme-de-magnitude-7-1-frappe-le-japon-une-alerte-au-tsunami-lancee_64594102.html,Hier
Louer sans garant : ces aides pour faciliter votre accès au logement,https://actu.fr/infoconso/louer-sans-garant-ces-aides-pour-faciliter-votre-acces-au-logement_64477965.html,07:12
"La pergola bioclimatique, une nouvelle pièce à vivre",https://actu.fr/infoconso/la-pergola-bioclimatique-une-nouvelle-piece-a-vivre_64589047.html,Avant-hier
Logiciel de gestion de formation classique vs plateforme avec IA : quelles différences ?,https://actu.fr/infoconso/logiciel-de-gestion-de-formation-classique-vs-plateforme-avec-ia-quelles-differences_64575681.html,24 juil. 2026
5 astuces concrètes pour réduire le budget de sa voiture en 2026,https://actu.fr/infoconso/5-astuces-concretes-pour-reduire-le-budget-de-sa-voiture-en-2026_64564357.html,24 juil. 2026
Canicule : les Français vont-ils déménager vers des régions plus fraîches ?,https://actu.fr/infoconso/canicule-les-francais-vont-ils-demenager-vers-des-regions-plus-fraiches_64553498.html,22 juil. 2026
iPhone reconditionné : comment acheter en toute sérénité ?,https://actu.fr/infoconso/iphone-reconditionne-comment-acheter-en-toute-serenite_64540476.html,21 juil. 2026
Seconde main : comment s'équiper en matériel de sport d'occasion sans se tromper ?,https://actu.fr/infoconso/seconde-main-comment-s-equiper-en-materiel-de-sport-d-occasion-sans-se-tromper_64477788.html,21 juil. 2026
Boulanger nous propose ce pack tablette Lenovo 3-en-1 à prix fou : découvrez l'offre avant la rupture de stock,https://actu.fr/guide-achat/high-tech/boulanger-nous-propose-ce-pack-tablette-lenovo-3-en-1-a-prix-fou-decouvrez-l-offre-avant-la-rupture-de-stock_64599565.html,10:32
"Vacances : ce plateau de jeux pour enfant pourrait sauver vos voyages en voiture, découvrez la remise d'Amazon",https://actu.fr/guide-achat/loisirs/vacances-ce-plateau-de-jeux-pour-enfant-pourrait-sauver-vos-voyages-en-voiture-decouvrez-la-remise-d-amazon_64599097.html,09:32
C'est le kit solaire Ecoflow avec batterie intégrée le plus simple du marché et il est en promo aujourd'hui,https://actu.fr/guide-achat/high-tech/c-est-le-kit-solaire-ecoflow-avec-batterie-integree-le-plus-simple-du-marche-et-il-est-en-promo-aujourd-hui_64599059.html,09:02
"Amazon se décide enfin : l'iPhone 17 affiche une promo inédite, découvrez son prix",https://actu.fr/guide-achat/high-tech/amazon-se-decide-enfin-l-iphone-17-affiche-une-promo-inedite-decouvrez-son-prix_64599023.html,08:05
Les meilleurs sièges auto enfant et bébé : notre comparatif 2026 pour prendre la route en toute sécurité,https://actu.fr/guide-achat/loisirs/meilleur-siege-auto_64594816.html,07:30
Cdiscount : un code promo caché permet d'avoir une belle remise sur ce SPA 6 personnes,https://actu.fr/guide-achat/maison/cdiscount-un-code-promo-cache-permet-d-avoir-une-belle-remise-sur-ce-spa-6-personnes_64596640.html,Hier
La machine à glace et sorbetière de Ninja est enfin en promo : parfait pour les chaleurs qui arrivent,https://actu.fr/guide-achat/cuisine/la-machine-a-glace-et-sorbetiere-de-ninja-est-enfin-en-promo-parfait-pour-les-chaleurs-qui-arrivent_64595138.html,Hier
